{
    "restaurant_coordinates": [
        "{\"Id\": \"2-CYUALNKYTJAWL2\", \"latitude\": 14.5521243, \"longitude\": 121.02063533333333}",
        "{\"Id\": \"PHGFSTI000004rg\", \"latitude\": 14.578050621072933, \"longitude\": 120.98734451049728}",
        "{\"Id\": \"2-C23JJYVWR6WUN6\", \"latitude\": 14.555556536361905, \"longitude\": 121.02128854233064}",
        "{\"Id\": \"PHGFSTI000000ot\", \"latitude\": 14.55876754, \"longitude\": 121.0123973}",
        "{\"Id\": \"2-CZCWTXMUAUTTNX\", \"latitude\": 14.562100950000001, \"longitude\": 121.0143553}",
        "{\"Id\": \"2-C2UBA8LADGBUAA\", \"latitude\": 14.56684, \"longitude\": 120.9979062}",
        "{\"Id\": \"2-CZBBVK43JNJKGE\", \"latitude\": 14.5971338, \"longitude\": 121.03796333333332}",
       