{
    "restaurant_coordinates": [
        "{\"Id\": \"2-C2EGUFKWPAT3C6\", \"latitude\": 14.634361666666667, \"longitude\": 121.0210406}",
        "{\"Id\": \"AWkxq-2UZXYdMpch3J8v\", \"latitude\": 14.62229204144063, \"longitude\": 121.02624227382381}",
        "{\"Id\": \"2-C2AWJPBBA7KKTT\", \"latitude\": 14.6415917, \"longitude\": 121.03968143463133}",
        "{\"Id\": \"AWhefMmhR-bAtZoKZM7f\", \"latitude\": 14.621516721819148, \"longitude\": 121.02305399114255}",
        "{\"Id\": \"2-CYLTTKLBJCMWA6\", \"latitude\": 14.633169889450071, \"longitude\": 121.02031069993971}",
        "{\"Id\": \"PHGFSTI000000zw\", \"latitude\": 14.599262918622557, \"longitude\": 120.9900343411054}",
        "{\"Id\": \"2-CYMFVAK2CU5KN6\", \"latitude\": 14.5979779, \"longitude\": 120.9964874}",
        "{\"Id\": \"PHGFSTI0000007i\", \"latitude\": 14.6326854, \"longitude\": 121.03076047}",
        "{\"Id\": \"PHGFSTI000003fv\", \"latitude\": 14.6105176, \"longitude\": 120.98686333333332}",
        "{\"Id\": \"2-CYLCMEEZGN5DT2\", \"latitude\": 14.610463333333334, \"longitude\": 120.99217671428572}",
        "{\"Id\": \"2-CYWFLCNBKFCZJJ\", \"latitude\": 14.61014666, \"longitude\": 120.9850458}",
        "{\"Id\": \"2-C2JYJ7JJLTXHN2\", \"latitude\": 14.59799693, \"longitude\": 120.9964923}",
        "{\"Id\": \"2-C2UWRYJBTX4JSE\", \"latitude\": 14.6117504, \"longitude\": 120.9848649}",
        "{\"Id\": \"2-CZJTAAXDGEJABA\", \"latitude\": 14.61302412, \"longitude\": 120.98948468333333}",
        "{\"Id\": \"2-C2J3BF3DSA2YRX\", \"latitude\": 14.6071574, \"longitude\": 120.9876869}",
        "{\"Id\": \"PHGFSTI000000ym\", \"latitude\": 14.6115019, \"longitude\": 120.9880575}",
        "{\"Id\": \"2-C2WCFGMANYXTAA\", \"latitude\": 14.6068024, \"longitude\": 120.9919402}",
        "{\"Id\": \"2-C2NVLYAAG6XVRT\", \"latitude\": 14.611589261386001, \"longitude\": 120.987806}",
        "{\"Id\": \"2-C2VZMEUEPGADDA\", \"latitude\": 14.612326490857981, \"longitude\": 120.98750927116521}",
        "{\"Id\": \"2-CYK2GKKXEKTULJ\", \"latitude\": 14.60764645, \"longitude\": 120.9907304}",
        "{\"Id\": \"2-C2JZJ2WTNT2JRT\", \"latitude\": 14.6033995, \"longitude\": 120.990694}",
        "{\"Id\": \"2-C2A3LEAEWB2YCA\", \"latitude\": 14.6129637, \"longitude\": 120.9948943}",
        "{\"Id\": \"2-C2BESB3THA3YDE\", \"latitude\": 14.60978698, \"longitude\": 120.9864126}",
        "{\"Id\": \"2-CYMHN7E2TY2KNJ\", \"latitude\": 14.63317275047302, \"longitude\": 121.0199535}",
        "{\"Id\": \"2-C23URRLCNJUTVT\", \"latitude\": 14.6097879, \"longitude\": 120.9862508}",
        "{\"Id\": \"2-C2VZNEK2CCJZEN\", \"latitude\": 14.612284963610023, \"longitude\": 120.98750708465519}",
        "{\"Id\": \"2-C2NXGFKDPEEACE\", \"latitude\": 14.60737267432711, \"longitude\": 120.98781854232953}",
        "{\"Id\": \"2-C2BVNUDCWE2BGJ\", \"latitude\": 14.6006798, \"longitude\": 120.9904701}",
        "{\"Id\": \"2-CZMTGJ21G8NUNA\", \"latitude\": 14.6123967, \"longitude\": 120.9880034}",
        "{\"Id\": \"2-C2AGSFEVLYUELE\", \"latitude\": 14.611589261386001, \"longitude\": 120.987806}",
        "{\"Id\": \"2-CYUYBF42AU5ELJ\", \"latitude\": 14.611589261386001, \"longitude\": 120.987806}",
        "{\"Id\": \"2-C2AJJKUYGY52A6\", \"latitude\": 14.6047201, \"longitude\": 120.9897071}",
        "{\"Id\": \"2-CY3KEXATTTBBKA\", \"latitude\": 14.611589261386001, \"longitude\": 120.987806}",
        "{\"Id\": \"2-C2AYJX31LPBYBE\", \"latitude\": 14.6052201, \"longitude\": 120.99013511818183}",
        "{\"Id\": \"2-C2VEGFMHNKUARA\", \"latitude\": 14.611589261386001, \"longitude\": 120.987806}",
        "{\"Id\": \"PHGFSTI000003e8\", \"latitude\": 14.582539999999998, \"longitude\": 120.98513833333332}",
        "{\"Id\": \"2-CY42TKKBTU4DA2\", \"latitude\": 14.598539382002997, \"longitude\": 120.97566239164144}",
        "{\"Id\": \"2-C2JZFGBCETJEEE\", \"latitude\": 14.611589261386001, \"longitude\": 120.987806}",
        "{\"Id\": \"2-CZBKL4AFA4KHJN\", \"latitude\": 14.61125345, \"longitude\": 120.98708627857143}",
        "{\"Id\": \"2-CZNTDBLDT8DJRA\", \"latitude\": 14.6008, \"longitude\": 120.9911157}",
        "{\"Id\": \"2-C2LGR642KAUJLA\", \"latitude\": 14.611589261386001, \"longitude\": 120.987806}",
        "{\"Id\": \"2-CZLWWA4ZLNAFE6\", \"latitude\": 14.6012619, \"longitude\": 121.0021819}",
        "{\"Id\": \"2-C2ADGP6ERKEWVX\", \"latitude\": 14.61149946, \"longitude\": 120.988075}",
        "{\"Id\": \"2-CYKTRUDUNNVAFE\", \"latitude\": 14.605052185873603, \"longitude\": 120.98803399294457}",
        "{\"Id\": \"2-CYMHN7DWAGL2WE\", \"latitude\": 14.599834675, \"longitude\": 120.980555425}",
        "{\"Id\": \"AWiD5JwQfYWaYaQC4nY4\", \"latitude\": 14.599870428571428, \"longitude\": 120.9797005}",
        "{\"Id\": \"2-CZCVUA42FBUTTX\", \"latitude\": 14.6163699, \"longitude\": 120.98280734000001}",
        "{\"Id\": \"2-CYUZC8BTGJ51GJ\", \"latitude\": 14.599968222336393, \"longitude\": 120.98002192}",
        "{\"Id\": \"2-CZC1EZEYACBTCX\", \"latitude\": 14.6007231, \"longitude\": 120.98439648}",
        "{\"Id\": \"2-C2JTJFEKWCKZLE\", \"latitude\": 14.6043552, \"longitude\": 120.993168}",
        "{\"Id\": \"2-CYVGEUCHNF3ZJN\", \"latitude\": 14.611589261386001, \"longitude\": 120.987806}",
        "{\"Id\": \"2-CYVAEU2HGA3HA2\", \"latitude\": 14.611589261386001, \"longitude\": 120.987806}",
        "{\"Id\": \"2-CY6BDFWDEU3DJ6\", \"latitude\": 14.599413933483214, \"longitude\": 120.98413149999999}",
        "{\"Id\": \"2-CYKCVZNZJTDFLE\", \"latitude\": 14.6094796, \"longitude\": 120.992802}",
        "{\"Id\": \"2-C2MUNFEKGYAHET\", \"latitude\": 14.606108853687147, \"longitude\": 120.99566927116246}",
        "{\"Id\": \"2-CZNFWE3UCTVJNE\", \"latitude\": 14.6062743, \"longitude\": 120.9890109}",
        "{\"Id\": \"2-CYTZE7BTVVEVDA\", \"latitude\": 14.6089159, \"longitude\": 120.9942711}",
        "{\"Id\": \"2-CYVAEUXXRVECLX\", \"latitude\": 14.611589261386001, \"longitude\": 120.987806}",
        "{\"Id\": \"2-C2NZR6XHVCE3BE\", \"latitude\": 14.6068024, \"longitude\": 120.9919402}",
        "{\"Id\": \"2-CZEVSE42L2UDT2\", \"latitude\": 14.61318, \"longitude\": 120.9906167}",
        "{\"Id\": \"2-CZKJC241LXA1TN\", \"latitude\": 14.60785545410086, \"longitude\": 120.99240166666665}",
        "{\"Id\": \"2-CY43RAEDNYVFPA\", \"latitude\": 14.611589261386001, \"longitude\": 120.987806}",
        "{\"Id\": \"2-CZNTDF6TMAE2CJ\", \"latitude\": 14.6007482, \"longitude\": 120.9912594}",
        "{\"Id\": \"PHGFSTI0000017w\", \"latitude\": 14.611880266666667, \"longitude\": 120.9884545}",
        "{\"Id\": \"2-C2JZGTW1CGDVVE\", \"latitude\": 14.582336, \"longitude\": 120.9825208}"
    ]
}