{
    "restaurant_coordinates": [
        "{\"Id\": \"PHGFSTI0000018l\", \"latitude\": 14.5900528125, \"longitude\": 120.9835478}",
        "{\"Id\": \"2-CYUZC8BTGJ51GJ\", \"latitude\": 14.599968222336393, \"longitude\": 120.98002192}",
        "{\"Id\": \"2-CZC1EZEYACBTCX\", \"latitude\": 14.6007231, \"longitude\": 120.98439648}",
        "{\"Id\": \"2-CZMHAYAGMEC1SE\", \"latitude\": 14.5900564, \"longitude\": 120.983188625}",
        "{\"Id\": \"AWiD5JwQfYWaYaQC4nY4\", \"latitude\": 14.599870428571428, \"longitude\": 120.9797005}",
        "{\"Id\": \"2-CYKTRUDUNNVAFE\", \"latitude\": 14.605052185873603, \"longitude\": 120.98803399294457}",
        "{\"Id\": \"2-CYVGEUCHNF3ZJN\", \"latitude\": 14.611589261386001, \"longitude\": 120.987806}",
        "{\"Id\": \"2-CZKJC241LXA1TN\", \"latitude\": 14.60785545410086, \"longitude\": 120.99240166666665}",
        "{\"Id\": \"PHGFSTI000003e8\", \"latitude\": 14.582539999999998, \"longitude\": 120.98513833333332}",
        "{\"Id\": \"2-C2WFT2UYEUBDCX\", \"latitude\": 14.614305, \"longitude\": 120.990737}",
        "{\"Id\": \"2-CZJTAAXDGEJABA\", \"latitude\": 14.61302412, \"longitude\": 120.98948468333333}",
        "{\"Id\": \"2-C2JTJFEKWCKZLE\", \"latitude\": 14.6043552, \"longitude\": 120.993168}",
        "{\"Id\": \"PHGFSTI0000017w\", \"latitude\": 14.611880266666667, \"longitude\": 120.9884545}",
        "{\"Id\": \"2-CYTZE7BTVVEVDA\", \"latitude\": 14.6089159, \"longitude\": 120.9942711}",
        "{\"Id\": \"PHGFSTI000000zw\", \"latitude\": 14.599262918622557, \"longitude\": 120.9900343411054}",
        "{\"Id\": \"2-CY42TKKBTU4DA2\", \"latitude\": 14.598539382002997, \"longitude\": 120.97566239164144}",
        "{\"Id\": \"2-C23URRLCNJUTVT\", \"latitude\": 14.6097879, \"longitude\": 120.9862508}",
        "{\"Id\": \"2-CYLCMEEZGN5DT2\", \"latitude\": 14.610463333333334, \"longitude\": 120.99217671428572}",
        "{\"Id\": \"2-CZLWWA4ZLNAFE6\", \"latitude\": 14.6012619, \"longitude\": 121.0021819}",
        "{\"Id\": \"2-C2J3BF3DSA2YRX\", \"latitude\": 14.6071574, \"longitude\": 120.9876869}",
        "{\"Id\": \"2-CZCVUA42FBUTTX\", \"latitude\": 14.6163699, \"longitude\": 120.98280734000001}",
        "{\"Id\": \"2-C2UWRYJBTX4JSE\", \"latitude\": 14.6117504, \"longitude\": 120.9848649}",
        "{\"Id\": \"2-CY6BDFWDEU3DJ6\", \"latitude\": 14.599413933483214, \"longitude\": 120.98413149999999}",
        "{\"Id\": \"2-C2A3LEAEWB2YCA\", \"latitude\": 14.6129637, \"longitude\": 120.9948943}",
        "{\"Id\": \"2-CZNFWE3UCTVJNE\", \"latitude\": 14.6062743, \"longitude\": 120.9890109}",
        "{\"Id\": \"PHGFSTI000003fv\", \"latitude\": 14.6105176, \"longitude\": 120.98686333333332}",
        "{\"Id\": \"2-CYKCVZNZJTDFLE\", \"latitude\": 14.6094796, \"longitude\": 120.992802}",
        "{\"Id\": \"2-CYMHN7DWAGL2WE\", \"latitude\": 14.599834675, \"longitude\": 120.980555425}",
        "{\"Id\": \"2-C2VZMEUEPGADDA\", \"latitude\": 14.612326490857981, \"longitude\": 120.98750927116521}",
        "{\"Id\": \"2-CYUYBF42AU5ELJ\", \"latitude\": 14.611589261386001, \"longitude\": 120.987806}",
        "{\"Id\": \"2-CYK2GKKXEKTULJ\", \"latitude\": 14.60764645, \"longitude\": 120.9907304}",
        "{\"Id\": \"2-C2MEPBJBLYU2DA\", \"latitude\": 14.610369618110482, \"longitude\": 120.97420072883261}",
        "{\"Id\": \"PHGFSTI000000ym\", \"latitude\": 14.6115019, \"longitude\": 120.9880575}",
        "{\"Id\": \"2-C2WCFGMANYXTAA\", \"latitude\": 14.6068024, \"longitude\": 120.9919402}",
        "{\"Id\": \"2-C2JZGTW1CGDVVE\", \"latitude\": 14.582336, \"longitude\": 120.9825208}",
        "{\"Id\": \"2-C2AYJX31LPBYBE\", \"latitude\": 14.6052201, \"longitude\": 120.99013511818183}",
        "{\"Id\": \"2-C2JZJ2WTNT2JRT\", \"latitude\": 14.6033995, \"longitude\": 120.990694}",
        "{\"Id\": \"2-C2MUNFEKGYAHET\", \"latitude\": 14.606108853687147, \"longitude\": 120.99566927116246}",
        "{\"Id\": \"2-C2NUTFKWPFEHDA\", \"latitude\": 14.612301145437982, \"longitude\": 120.98814000000175}",
        "{\"Id\": \"2-C2MBC62FA7MDA2\", \"latitude\": 14.608230500022898, \"longitude\": 120.98789516451029}",
        "{\"Id\": \"2-C2NVLYAAG6XVRT\", \"latitude\": 14.611589261386001, \"longitude\": 120.987806}",
        "{\"Id\": \"2-C2MBGPVAN6KDEX\", \"latitude\": 14.612757749547498, \"longitude\": 120.987815849583}",
        "{\"Id\": \"2-CY43RAEDNYVFPA\", \"latitude\": 14.611589261386001, \"longitude\": 120.987806}",
        "{\"Id\": \"2-CY3KEXATTTBBKA\", \"latitude\": 14.611589261386001, \"longitude\": 120.987806}",
        "{\"Id\": \"2-CYWFLCNBKFCZJJ\", \"latitude\": 14.61014666, \"longitude\": 120.9850458}",
        "{\"Id\": \"2-C2DBEVJATFEAGA\", \"latitude\": 14.611589261386001, \"longitude\": 120.987806}",
        "{\"Id\": \"2-C2DWFBCWSAMKN2\", \"latitude\": 14.611589261386001, \"longitude\": 120.987806}",
        "{\"Id\": \"2-C2NZR6XHVCE3BE\", \"latitude\": 14.6068024, \"longitude\": 120.9919402}",
        "{\"Id\": \"2-C233G25XJT2WA2\", \"latitude\": 14.60338182, \"longitude\": 120.9907405}",
        "{\"Id\": \"2-CZNTDBLDT8DJRA\", \"latitude\": 14.6008, \"longitude\": 120.9911157}",
        "{\"Id\": \"2-C2AGSFEVLYUELE\", \"latitude\": 14.611589261386001, \"longitude\": 120.987806}",
        "{\"Id\": \"2-C2LGR642KAUJLA\", \"latitude\": 14.611589261386001, \"longitude\": 120.987806}",
        "{\"Id\": \"2-CZMTGJ21G8NUNA\", \"latitude\": 14.6123967, \"longitude\": 120.9880034}",
        "{\"Id\": \"2-C2LALAEXJZAULN\", \"latitude\": 14.614689, \"longitude\": 120.977246}",
        "{\"Id\": \"2-CY5GJP3XPBAWRT\", \"latitude\": 14.611589261386001, \"longitude\": 120.987806}",
        "{\"Id\": \"2-CZNFTCBYL4A2KA\", \"latitude\": 14.611486666666668, \"longitude\": 120.9880634}",
        "{\"Id\": \"2-C2VZNEK2CCJZEN\", \"latitude\": 14.612284963610023, \"longitude\": 120.98750708465519}",
        "{\"Id\": \"2-CY6YVVJJR8NXFE\", \"latitude\": 14.6122898, \"longitude\": 120.9881811}",
        "{\"Id\": \"2-CYVAEUXJGRABA6\", \"latitude\": 14.611618, \"longitude\": 120.9877901}",
        "{\"Id\": \"2-CY3UWALJANXHBE\", \"latitude\": 14.6096033, \"longitude\": 120.9933591}",
        "{\"Id\": \"2-C23ZN7JJTCNECN\", \"latitude\": 14.6033922, \"longitude\": 120.9907382}",
        "{\"Id\": \"2-C2KDGA6GMBXKVE\", \"latitude\": 14.607753, \"longitude\": 120.993373}",
        "{\"Id\": \"2-CZNTDF6TMAE2CJ\", \"latitude\": 14.6007482, \"longitude\": 120.9912594}",
        "{\"Id\": \"2-CYVAEUXXRVECLX\", \"latitude\": 14.611589261386001, \"longitude\": 120.987806}",
        "{\"Id\": \"2-C221TAUYDFKGLX\", \"latitude\": 14.611589261386001, \"longitude\": 120.987806}",
        "{\"Id\": \"2-C2NXGFKDPEEACE\", \"latitude\": 14.60737267432711, \"longitude\": 120.98781854232953}",
        "{\"Id\": \"2-CY5HJFWZA6LBBA\", \"latitude\": 14.611589261386001, \"longitude\": 120.987806}",
        "{\"Id\": \"2-CYWUG2B1AXA1FA\", \"latitude\": 14.611589261386001, \"longitude\": 120.987806}",
        "{\"Id\": \"2-C2AJJKUYGY52A6\", \"latitude\": 14.6047201, \"longitude\": 120.9897071}",
        "{\"Id\": \"2-C2BVNUDCWE2BGJ\", \"latitude\": 14.6006798, \"longitude\": 120.9904701}",
        "{\"Id\": \"2-CZEVSE42L2UDT2\", \"latitude\": 14.61318, \"longitude\": 120.9906167}",
        "{\"Id\": \"PHGFSTI000001z6\", \"latitude\": 14.604800284223131, \"longitude\": 121.0183799756307}",
        "{\"Id\": \"2-C2BXJKTYNJ6CTX\", \"latitude\": 14.5901826, \"longitude\": 120.9991979}",
        "{\"Id\": \"2-C2U3UF3JDBCYEE\", \"latitude\": 14.60795, \"longitude\": 121.0171137}",
        "{\"Id\": \"PHGFSTI000001ow\", \"latitude\": 14.6034786, \"longitude\": 120.97413444519042}",
        "{\"Id\": \"2-CY4CG73KTNWGAT\", \"latitude\": 14.60457878, \"longitude\": 121.018623375}",
        "{\"Id\": \"PHGFSTI0000016t\", \"latitude\": 14.6160418, \"longitude\": 121.0002454}",
        "{\"Id\": \"2-C2J1CLMYJ8KKAX\", \"latitude\": 14.598181848049961, \"longitude\": 121.00404923714376}",
