{
    "restaurant_coordinates": [
        "{\"Id\": \"2-CYKKAGAEN4MHTA\", \"latitude\": 14.5597731, \"longitude\": 121.01189562678336}",
        "{\"Id\": \"2-C2NHUA3TNUWVTT\", \"latitude\": 14.559699, \"longitude\": 121.011574}",
        "{\"Id\": \"2-C2KTJXA3NEJENN\", \"latitude\": 14.5565152, \"longitude\": 121.004954}",
        "{\"Id\": \"PHGFSTI000004rf\", \"latitude\": 14.5540631, \"longitude\": 120.99791586399077}",
        "{\"Id\": \"2-CZEVNU33E33BE2\", \"latitude\": 14.5571737, \"longitude\": 121.0180781}",
        "{\"Id\": \"PHGFSTI000003b9\", \"latitude\": 14.55793232, \"longitude\": 121.0172605}",
        "{\"Id\": \"2-CYUZC8BECEBXGN\", \"latitude\": 14.5608245, \"longitude\": 121.01509949999999}",
        "{\"Id\": \"2-CYKZRVB1NU6FWA\", \"latitude\": 14.5609392, \"longitude\": 121.0157034}",
        "{\"Id\": \"2-CYXZLBVGLJX2HE\", \"latitude\": 14.589435382892503, \"longitude\": 121.02331396444868}",
        "{\"Id\": \"2-CY2CR65HUF5JPE\", \"latitude\": 14.576868577285396, \"longitude\": 121.03491614686271}",
        "{\"Id\": \"2-CYMHN7DFVKCYPA\", \"latitude\": 14.5935574, \"longitude\": 121.0273512}",
        "{\"Id\": \"2-CYUZC8BKKGEJWE\", \"latitude\": 14.593592901718594, \"longitude\": 121.0270711458819}",
        "{\"Id\": \"2-CZBBVK43JNJKGE\", \"latitude\": 14.5971338, \"longitude\": 121.03796333333332}",
        "{\"Id\": \"2-C2VXNZLDLCCHDA\", \"latitude\": 14.5876188, \"longitude\": 121.0248207}",
        "{\"Id\": \"2-CZD1JTT2KELCEE\", \"latitude\": 14.590787, \"longitude\": 121.0333528}",
        "{\"Id\": \"2-CY3TFGDBCK21V6\", \"latitude\": 14.5918979, \"longitude\": 121.0193599}",
        "{\"Id\": \"2-CYNTEUDKG2JCTJ\", \"latitude\": 14.556444168090819, \"longitude\": 121.00454783439635}",
        "{\"Id\": \"2-CY2FEE3GARDTWA\", \"latitude\": 14.548121832611784, \"longitude\": 121.00087011966832}",
        "{\"Id\": \"2-CYU3LAJGVCCDTN\", \"latitude\": 14.547313974999998, \"longitude\": 120.99860715866087}",
        "{\"Id\": \"2-CYK2GKLCMF2GCT\", \"latitude\": 14.5565691, \"longitude\": 121.0048941}",
        "{\"Id\": \"2-CZMHAYAGLB2EHE\", \"latitude\": 14.558416706698438, \"longitude\": 121.01647420916464}",
        "{\"Id\": \"2-CYXHAKAYLTEKLX\", \"latitude\": 14.5522397, \"longitude\": 121.02028219}",
        "{\"Id\": \"2-CYMFVALCTE6WJJ\", \"latitude\": 14.5551381, \"longitude\": 121.02252989818182}",
        "{\"Id\": \"PHGFSTI000000rj\", \"latitude\": 14.55149612, \"longitude\": 121.02009248733519}",
        "{\"Id\": \"2-CZAHE7JAC72YT6\", \"latitude\": 14.552164913084994, \"longitude\": 121.01981914886312}",
        "{\"Id\": \"2-CYKCMEDAEGDECJ\", \"latitude\": 14.563699, \"longitude\": 121.028797}",
        "{\"Id\": \"2-C2DWCCMZWCDCLT\", \"latitude\": 14.554918, \"longitude\": 121.0215475}",
        "{\"Id\": \"2-CYXDJ7MYLRJWGX\", \"latitude\": 14.55053949356079, \"longitude\": 121.0243846}",
        "{\"Id\": \"2-CYNGTNBYUELAAE\", \"latitude\": 14.5792502, \"longitude\": 120.9951771}",
        "{\"Id\": \"2-CYLTTKJZG751AE\", \"latitude\": 14.578613758087156, \"longitude\": 120.99478475749491}",
        "{\"Id\": \"2-C2KBJRKVKAAVCE\", \"latitude\": 14.578601797993556, \"longitude\": 120.99442350320197}",
        "{\"Id\": \"2-CYMHN7EAAYKGEE\", \"latitude\": 14.578642964363096, \"longitude\": 120.9948646}",
        "{\"Id\": \"2-CY2VV3N1FE3BRE\", \"latitude\": 14.57911289, \"longitude\": 120.978061}",
        "{\"Id\": \"2-CZMHAYAGLNN1ME\", \"latitude\": 14.574794, \"longitude\": 120.98452}",
        "{\"Id\": \"PHGFSTI000004rg\", \"latitude\": 14.578050621072933, \"longitude\": 120.98734451049728}",
        "{\"Id\": \"2-CYKTRUJECCMTJT\", \"latitude\": 14.5761692, \"longitude\": 120.98865281045435}",
        "{\"Id\": \"2-CZDZC7TJG2NTAA\", \"latitude\": 14.557441234915984, \"longitude\": 121.0053927821852}",
        "{\"Id\": \"2-CZABVKWCJJV1NT\", \"latitude\": 14.55995115, \"longitude\": 121.01567797}",
        "{\"Id\": \"2-C2E2G7V1EUBBN6\", \"latitude\": 14.5619142, \"longitude\": 120.99678833333334}",
        "{\"Id\": \"2-C2DCUAJVAZEGRX\", \"latitude\": 14.55107384, \"longitude\": 121.0132955}",
        "{\"Id\": \"2-CYKTLRNWEE53LX\", \"latitude\": 14.55746617, \"longitude\": 121.01306809}",
        "{\"Id\": \"2-CYVKSE5CJCBVRT\", \"latitude\": 14.560707271099089, \"longitude\": 121.0136388}",
        "{\"Id\": \"2-CYKCV2BBCE3KCN\", \"latitude\": 14.558952033333334, \"longitude\": 121.0055728}",
        "{\"Id\": \"2-C2DDLZNZVLEWUE\", \"latitude\": 14.5619141, \"longitude\": 120.9967992}",
        "{\"Id\": \"2-CYNDETD2JFVBLT\", \"latitude\": 14.557799540498834, \"longitude\": 121.01539859104366}",
        "{\"Id\": \"AWi4Lkw1fYWaYaQC4yPh\", \"latitude\": 14.556246441802527, \"longitude\": 121.0184844}",
        "{\"Id\": \"2-CY23SAUVTAXBMA\", \"latitude\": 14.559019962705733, \"longitude\": 121.00583298098746}",
        "{\"Id\": \"2-C2KUCNTHHAEDPE\", \"latitude\": 14.5534034, \"longitude\": 121.0143583}",
        "{\"Id\": \"2-CZADL2AXCU2WN6\", \"latitude\": 14.563162060061686, \"longitude\": 121.01316820236076}",
        "{\"Id\": \"2-C2BEUBMZCU5JJX\", \"latitude\": 14.5529256, \"longitude\": 121.0221216}",
        "{\"Id\": \"2-C2U3UF3JCJM2L2\", \"latitude\": 14.5577067, \"longitude\": 121.0056225}",
        "{\"Id\": \"PHGFSTI000000p8\", \"latitude\": 14.553600675, \"longitude\": 121.0203826}",
        "{\"Id\": \"2-C2KKGYJVVYKTAT\", \"latitude\": 14.5619113, \"longitude\": 120.9967938}",
        "{\"Id\": \"PHGFSTI000000sx\", \"latitude\": 14.554684496437757, \"longitude\": 121.0219224}",
        "{\"Id\": \"PHGFSTI000002vq\", \"latitude\": 14.5536612, \"longitude\": 121.02037991578948}",
        "{\"Id\": \"PHGFSTI000004ug\", \"latitude\": 14.551364734768866, \"longitude\": 121.0140539}",
        "{\"Id\": \"PHGFSTI0000002e\", \"latitude\": 14.5515766, \"longitude\": 121.01450909}",
        "{\"Id\": \"PHGFSTI000000ot\", \"latitude\": 14.55876754, \"longitude\": 121.0123973}",
        "{\"Id\": \"PHGFSTI000004si\", \"latitude\": 14.5700021, \"longitude\": 121.017545}",
        "{\"Id\": \"2-C2JAV4LET7MXRX\", \"latitude\": 14.5657138, \"longitude\": 121.0137015}",
        "{\"Id\": \"2-CZKXJREKL4M3JA\", \"latitude\": 14.55239283, \"longitude\": 121.0208923}",
        "{\"Id\": \"2-CYWEJJVDUFXDG6\", \"latitude\": 14.559502955555553, \"longitude\": 121.0154766}",
        "{\"Id\": \"2-CZNFCN6YUBBJVN\", \"latitude\": 14.563554, \"longitude\": 121.013367}",
        "{\"Id\": \"PHGFSTI000000r1\", \"latitude\": 14.5529469, \"longitude\": 121.01978942}",
        "{\"Id\": \"2-C2NKCNN3WEJAE2\", \"latitude\": 14.55887125, \"longitude\": 121.0080013}",
        "{\"Id\": \"2-C2WKDEX2L65JA2\", \"latitude\": 14.55887125, \"longitude\": 121.0080013}",
        "{\"Id\": \"2-CY2HAAA1EYDCHA\", \"latitude\": 14.5509739, \"longitude\": 121.013024325}",
        "{\"Id\": \"2-C2MBDCMBJGKWT6\", \"latitude\": 14.56163623461694, \"longitude\": 120.99679245666437}",
        "{\"Id\": \"2-CZDDJJB1EU3BRJ\", \"latitude\": 14.55935596, \"longitude\": 121.016022}",
        "{\"Id\": \"2-C2E2GB2HVZA2AN\", \"latitude\": 14.563544, \"longitude\": 121.0138}",
        "{\"Id\": \"2-CYLWCLJJNGDTLE\", \"latitude\": 14.559448094736842, \"longitude\": 121.0192367}",
        "{\"Id\": \"2-C2DKRE4WAVJCRE\", \"latitude\": 14.5570117, \"longitude\": 121.00462060000001}",
        "{\"Id\": \"2-C2DWEP5TELM3DE\", \"latitude\": 14.5572148, \"longitude\": 121.0087646}",
        "{\"Id\": \"2-C23XVYADJ4JWGX\", \"latitude\": 14.56270231, \"longitude\": 121.011931}",
        "{\"Id\": \"2-C2VTEY3BJRKATX\", \"latitude\": 14.55236393617059, \"longitude\": 121.01484799920226}",
        "{\"Id\": \"2-CZCWTXMUAUTTNX\", \"latitude\": 14.562100950000001, \"longitude\": 121.0143553}",
        "{\"Id\": \"2-C2KDC4DKTPUJJN\", \"latitude\": 14.56187868831853, \"longitude\": 120.99674179254868}",
        "{\"Id\": \"PHGFSTI000000q8\", \"latitude\": 14.564636666666669, \"longitude\": 121.0085433}",
